{"mean": [94921.17490201989, 0.007140541562754192, -0.008518784867322278, 0.011271410029748305, -0.0078444106278077, 0.00585884465956524, 0.0026669466084210413, 0.009612816060661557, -0.002390561269180337, 0.006595347713593066, 0.010549900908355357, -0.008137259251566402, 0.012038585285781252, -0.0008110511086446001, 0.011403272589861782, 0.0016313442423568048, 0.005227712750964652, 0.012029049911519034, 0.0034862375704620852, -0.0008865617669543346, -0.001642994671837539, -0.0007621978435005505, 0.0002691379519485662, 0.0007109459795312021, 0.0001538449102571872, -0.000615470628710731, -4.829359481520501e-05, -0.000712345225675717, 0.0003773635250855583, 88.33246869662064], "scale": [47486.462678988515, 1.9363363345207016, 1.6426180292662147, 1.4599279980648243, 1.3993006707130273, 1.3635055678472228, 1.3341572057951645, 1.1888653045703956, 1.164983310065842, 1.0891978143413088, 1.0434159358085744, 1.0023334049228845, 0.944242378984391, 0.9940912558704356, 0.8964317359930188, 0.9149836000736611, 0.8436800042335931, 0.7461171842471825, 0.8263090822330993, 0.811990701858139, 0.7750719729699934, 0.7222980261533187, 0.7241278086098809, 0.6228649380395295, 0.6051965418601213, 0.5208587521379752, 0.48222520224733567, 0.40406016862955757, 0.3291409263194979, 253.04885048083574], "feature_order": ["Time", "V1", "V2", "V3", "V4", "V5", "V6", "V7", "V8", "V9", "V10", "V11", "V12", "V13", "V14", "V15", "V16", "V17", "V18", "V19", "V20", "V21", "V22", "V23", "V24", "V25", "V26", "V27", "V28", "Amount"]}