{
  "threshold_p99": 2.2545576095581055,
  "threshold_f1": 8.575037956237793,
  "f1_at_p99": 0.20430107526881722,
  "f1_at_f1_threshold": 0.4678362573099415
}